rank,họ,model__C,model__class_weight,prep__num__impute__strategy,model__max_features,model__min_samples_leaf,model__learning_rate,model__max_leaf_nodes,mean_test_score,std_test_score,split0_test_score,split1_test_score,mean_train_score,mean_fit_time,rank_trong_họ
1,HistGBM,,balanced,,,400.0,0.03,4.0,0.05824301033715178,0.007407677294202275,0.06565068763135405,0.0508353330429495,0.17006594530692598,7.878198027610779,1
2,HistGBM,,1:21.5,,,400.0,0.03,4.0,0.05797889041622465,0.007093496411942644,0.0650723868281673,0.050885394004282006,0.166076243604316,6.864562511444092,2
3,HistGBM,,balanced,,,400.0,0.1,4.0,0.057929412573121196,0.007490497069195114,0.06541990964231631,0.05043891550392608,0.17105590101087528,2.87401020526886,3
4,HistGBM,,1:21.5,,,400.0,0.1,4.0,0.057915002341910785,0.007188524820367886,0.06510352716227867,0.0507264775215429,0.1661408402071543,2.7134984731674194,4
5,HistGBM,,balanced,,,20.0,0.03,8.0,0.05787269915591785,0.007614047467413426,0.06548674662333127,0.05025865168850442,0.17931884419560495,5.10152792930603,5
6,HistGBM,,balanced,,,400.0,0.03,8.0,0.057803245672170274,0.007176140930785606,0.06497938660295588,0.05062710474138467,0.17900152851110257,6.355010032653809,6
7,HistGBM,,1:21.5,,,400.0,0.1,8.0,0.057779631267493525,0.007264957485323086,0.06504458875281662,0.05051467378217044,0.17859076692456968,2.5087345838546753,7
8,HistGBM,,1:21.5,,,100.0,0.03,4.0,0.057674896645743746,0.007104201417821275,0.06477909806356502,0.05057069522792247,0.1673799115430226,6.803641676902771,8
9,HistGBM,,1:21.5,,,20.0,0.03,4.0,0.05765783158144082,0.007050782248724501,0.06470861383016532,0.05060704933271632,0.17059354894699463,6.796473979949951,9
10,HistGBM,,1:21.5,,,100.0,0.1,4.0,0.057611888610872616,0.007265881025786385,0.064877769636659,0.050346007585086235,0.16693303423093142,2.6941444873809814,10
11,HistGBM,,balanced,,,400.0,0.1,8.0,0.057601251929203456,0.007797843352285946,0.0653990952814894,0.049803408576917514,0.17997667426188613,2.2545920610427856,11
12,HistGBM,,1:21.5,,,100.0,0.03,8.0,0.057535744749765715,0.007871580205137362,0.06540732495490308,0.04966416454462835,0.17183367029929275,5.156601428985596,12
13,HistGBM,,None,,,400.0,0.03,4.0,0.05749667941632207,0.007100047699385884,0.06459672711570795,0.05039663171693618,0.17643459221067856,7.299018979072571,13
14,HistGBM,,1:21.5,,,20.0,0.1,4.0,0.05742093680369268,0.006884202398915289,0.06430513920260797,0.05053673440477739,0.17082318356926673,2.6206473112106323,14
15,HistGBM,,None,,,400.0,0.1,4.0,0.05738539241895352,0.007548994329246651,0.06493438674820017,0.049836398089706864,0.18020512329090305,3.0413689613342285,15
16,HistGBM,,1:21.5,,,20.0,0.03,8.0,0.057373405464776095,0.007542163446945586,0.06491556891172168,0.049831242017830506,0.17778866548373323,6.784627079963684,16
17,HistGBM,,balanced,,,20.0,0.03,4.0,0.05736310105119523,0.007706345402639092,0.06506944645383432,0.049656755648556136,0.1720632678350753,6.464847564697266,17
18,HistGBM,,1:21.5,,,400.0,0.03,8.0,0.057348661123616716,0.00801164867750271,0.06536030980111943,0.049337012446114006,0.17837163168198095,9.274203538894653,18
19,HistGBM,,balanced,,,100.0,0.03,4.0,0.05727843183908059,0.007231056964879148,0.06450948880395974,0.05004737487420144,0.16846043132172683,5.782389402389526,19
20,HistGBM,,balanced,,,100.0,0.1,4.0,0.05723307748100111,0.007170703367674308,0.06440378084867542,0.0500623741133268,0.17305937404794286,2.4952280521392822,20
21,HistGBM,,1:21.5,,,400.0,0.03,31.0,0.05703917514497714,0.006644377419111322,0.06368355256408846,0.05039479772586582,0.19322135495175818,8.176473379135132,21
22,HistGBM,,None,,,400.0,0.03,8.0,0.05703045945689825,0.0068511583837195,0.06388161784061774,0.05017930107317874,0.1872510744097634,5.899202227592468,22
23,RandomForest,,1:21.5,,sqrt,200.0,,,0.057009536321867255,0.008224886661133482,0.06523442298300074,0.04878464966073377,0.18196955310585838,3.698931097984314,1
24,HistGBM,,balanced,,,20.0,0.1,4.0,0.056991993923191105,0.007589590555181387,0.06458158447837249,0.04940240336800972,0.1760374460277023,2.436874508857727,23
25,HistGBM,,balanced,,,100.0,0.03,8.0,0.05698514523528132,0.008054698518477222,0.06503984375375854,0.0489304467168041,0.18236112517505776,8.064867973327637,24
26,HistGBM,,None,,,100.0,0.03,4.0,0.056969882096728965,0.0067490861596296095,0.06371896825635857,0.050220795937099355,0.18354378197713547,8.057661890983582,25
27,HistGBM,,1:21.5,,,20.0,0.03,31.0,0.05695407093814642,0.008142098214198392,0.06509616915234481,0.04881197272394803,0.1931201290731822,4.953469395637512,26
28,Logistic,0.0001,1:21.5,mean,,,,,0.056857854876679895,0.006223286658986169,0.06308114153566606,0.05063456821769372,0.14573232790417986,0.20580649375915527,1
29,Logistic,0.0001,1:21.5,median,,,,,0.05674532986203709,0.006125446538236937,0.06287077640027403,0.05061988332380015,0.14573866966540067,0.34778058528900146,2
30,RandomForest,,balanced_subsample,,sqrt,200.0,,,0.0567382076737459,0.007991963730436917,0.06473017140418282,0.04874624394330898,0.18174404085034626,4.912271022796631,2
31,HistGBM,,1:21.5,,,20.0,0.1,8.0,0.05664366754739067,0.006589653621129819,0.06323332116852048,0.05005401392626085,0.18526418929572452,2.760949969291687,27
32,Logistic,0.001,None,mean,,,,,0.056608229367417266,0.006056840753569347,0.06266507012098661,0.05055138861384792,0.14657447146761393,0.13954806327819824,3
33,Logistic,0.001,None,median,,,,,0.056589038852066294,0.00605220693237752,0.06264124578444381,0.050536831919688774,0.14656786346445166,0.3301020860671997,4
34,Logistic,0.0001,balanced,mean,,,,,0.056574281247650904,0.006020641711359565,0.06259492295901047,0.050553639536291335,0.14498902829553023,0.14705944061279297,5
35,Logistic,0.0001,balanced,median,,,,,0.05654300931930689,0.0060410917539296775,0.06258410107323657,0.05050191756537722,0.14500450140040144,0.28098154067993164,6
36,Logistic,0.001,balanced,mean,,,,,0.05650655832512451,0.006117428045388382,0.06262398637051289,0.05038913027973613,0.14659269850388312,0.28361284732818604,7
37,Logistic,0.001,balanced,median,,,,,0.056505171487823115,0.006119155413547718,0.06262432690137083,0.0503860160742754,0.14659424705309326,0.33697056770324707,8
38,RandomForest,,None,,sqrt,200.0,,,0.05645592518803784,0.007545403204667872,0.06400132839270571,0.04891052198336997,0.17986600007490133,4.531498908996582,3
39,HistGBM,,None,,,20.0,0.03,4.0,0.05637634609723994,0.007894878670097923,0.06427122476733786,0.048481467427142017,0.1754293070182339,5.388846397399902,28
40,HistGBM,,1:21.5,,,100.0,0.03,31.0,0.05635884791276674,0.0073939458155909445,0.06375279372835768,0.04896490209717579,0.18966422983248044,5.338416695594788,29
41,HistGBM,,None,,,100.0,0.1,4.0,0.056182951475367074,0.006761018452210013,0.06294396992757709,0.04942193302315706,0.1862369294430285,2.8656136989593506,30
42,Logistic,0.001,1:21.5,mean,,,,,0.05614202814180759,0.006049328535865196,0.06219135667767278,0.05009269960594239,0.14622250584585594,0.20009100437164307,9
43,Logistic,0.001,1:21.5,median,,,,,0.056141718435446145,0.006049792138600421,0.062191510574046566,0.050091926296845724,0.1462232922968374,0.4352140426635742,10
44,HistGBM,,None,,,100.0,0.03,8.0,0.05607935637943612,0.007320406192397669,0.06339976257183379,0.04875895018703845,0.19598613910489365,6.079562067985535,31
45,Logistic,0.0001,None,mean,,,,,0.05600987331657407,0.006041934006780596,0.06205180732335466,0.04996793930979347,0.14320992831069873,0.20709538459777832,11
46,HistGBM,,balanced,,,20.0,0.1,8.0,0.056000593101208654,0.008317909222303087,0.06431850232351174,0.04768268387890557,0.1899730632141391,2.6963398456573486,32
47,HistGBM,,1:21.5,,,100.0,0.1,8.0,0.05599150087493132,0.0069055281925882,0.06289702906751952,0.049085972682343125,0.18125408979495042,2.217608094215393,33
48,Logistic,0.0001,None,median,,,,,0.055965266579569364,0.006063447624170739,0.0620287142037401,0.04990181895539862,0.14325459097066956,0.2670809030532837,12
49,Logistic,1e-05,1:21.5,mean,,,,,0.05595613990367465,0.005916493565601342,0.06187263346927599,0.050039646338073306,0.14312524308690408,0.11700499057769775,13
50,Logistic,1e-05,1:21.5,median,,,,,0.055908663014690725,0.005923650468116971,0.061832313482807696,0.049985012546573754,0.14316160176487402,0.23521196842193604,14
51,HistGBM,,balanced,,,400.0,0.03,31.0,0.05585087751871953,0.006386585981420532,0.06223746350014006,0.049464291537299,0.20809547961458724,7.648789882659912,34
52,RandomForest,,balanced_subsample,,0.5,200.0,,,0.05583771348377562,0.007291183772957406,0.06312889725673303,0.048546529710818215,0.18814282085186462,9.62532901763916,4
53,RandomForest,,1:21.5,,0.5,800.0,,,0.05577860019762557,0.008134743195219597,0.06391334339284517,0.047643857002405976,0.1581005872972131,6.213674426078796,5
54,RandomForest,,1:21.5,,0.5,200.0,,,0.055746360625560536,0.007553678210402558,0.0633000388359631,0.04819268241515798,0.1891149455506967,8.33388864994049,6
55,RandomForest,,None,,sqrt,50.0,,,0.05572274826701608,0.00763008100934982,0.0633528292763659,0.04809266725766626,0.25441875566075894,5.465559959411621,7
56,HistGBM,,balanced,,,20.0,0.03,31.0,0.05570912337325673,0.008073587738087876,0.0637827111113446,0.047635535635168855,0.20615724091580004,5.479437947273254,35
57,RandomForest,,1:21.5,,sqrt,800.0,,,0.05570021293637752,0.007985988036537446,0.06368620097291497,0.04771422489984008,0.1561292082590047,2.7801743745803833,8
58,RandomForest,,balanced_subsample,,sqrt,50.0,,,0.05568147425051995,0.007484804703182399,0.06316627895370235,0.04819666954733755,0.26418999985274705,7.029138445854187,9
59,RandomForest,,None,,0.5,200.0,,,0.05567312541211574,0.00746474723823138,0.06313787265034712,0.04820837817388436,0.184477924196879,10.133637070655823,10
60,Logistic,0.01,None,mean,,,,,0.05553631110133893,0.005738042776173218,0.06127435387751215,0.049798268325165713,0.14760980129118847,0.35621702671051025,15
61,Logistic,0.01,balanced,median,,,,,0.055529628971615175,0.005853049920898943,0.06138267889251412,0.049676579050716235,0.1470548334103866,0.5723661184310913,16
62,Logistic,0.01,balanced,mean,,,,,0.05551606346077065,0.00587586086413187,0.06139192432490252,0.04964020259663878,0.14705284237737629,0.5935630798339844,17
63,Logistic,0.01,None,median,,,,,0.0555127422934987,0.0057116357182748385,0.06122437801177354,0.049801106575223866,0.14760463819285602,0.470378041267395,18
64,RandomForest,,balanced_subsample,,sqrt,800.0,,,0.055468315890927745,0.00777392118376611,0.06324223707469386,0.047694394707161636,0.1557468616711462,4.0670775175094604,11
65,Logistic,0.01,1:21.5,mean,,,,,0.055377962362332014,0.00582618908941503,0.06120415145174704,0.04955177327291698,0.14633939160214984,0.45226407051086426,19
66,Logistic,0.01,1:21.5,median,,,,,0.05536822492261845,0.005822069410855488,0.061190294333473935,0.04954615551176296,0.14633763557541274,0.46140897274017334,20
67,HistGBM,,None,,,400.0,0.1,8.0,0.055351197964479265,0.0063051614411978735,0.06165635940567714,0.04904603652328139,0.20102889080258463,2.7766257524490356,36
68,Logistic,0.1,1:21.5,mean,,,,,0.05529245955415677,0.005682699115767832,0.0609751586699246,0.04960976043838894,0.14633576034648232,0.3746049404144287,21
69,Logistic,0.1,1:21.5,median,,,,,0.05528572556127864,0.005674267736790948,0.060959993298069594,0.0496114578244877,0.1463280257298153,0.4656245708465576,22
70,Logistic,1.0,1:21.5,mean,,,,,0.05527586666274558,0.005666833480851043,0.06094270014359662,0.04960903318189454,0.14633225170384012,0.3529545068740845,23
71,HistGBM,,balanced,,,100.0,0.03,31.0,0.05526967588126934,0.00794737008891563,0.06321704597018497,0.04732230579235371,0.21484247742554974,7.847283959388733,37
72,Logistic,1.0,1:21.5,median,,,,,0.055265804279656494,0.005663660340595955,0.06092946462025245,0.04960214393906054,0.14632347691946182,0.5982309579849243,24
73,RandomForest,,balanced_subsample,,0.5,800.0,,,0.0551155424753711,0.007994492634610918,0.06311003510998202,0.04712104984076018,0.15738472994384012,7.509751677513123,12
74,Logistic,0.1,balanced,median,,,,,0.05511056757805174,0.005695795401858106,0.06080636297990984,0.04941477217619363,0.147099281511874,0.5772590637207031,25
75,Logistic,0.1,balanced,mean,,,,,0.05510015264741499,0.005705700714907169,0.06080585336232216,0.04939445193250782,0.1470982110953816,0.4442495107650757,26
76,Logistic,1.0,balanced,median,,,,,0.0550343443376736,0.005702494881033318,0.06073683921870692,0.049331849456640285,0.1470981235746837,0.43720316886901855,27
77,Logistic,1.0,balanced,mean,,,,,0.05501003054364312,0.005718404253064146,0.06072843479670727,0.049291626290578976,0.14709072973479936,0.37171339988708496,28
78,HistGBM,,None,,,100.0,0.03,31.0,0.05495139055175807,0.007208259435125156,0.06215964998688323,0.04774313111663292,0.23065789589857372,5.439176917076111,38
79,Logistic,1e-05,balanced,mean,,,,,0.05493997550760578,0.006101890873001298,0.06104186638060708,0.048838084634604484,0.1409752476138635,0.13342499732971191,29
80,Logistic,0.1,None,mean,,,,,0.054931374137768135,0.005487562663948009,0.060418936801716144,0.049443811473820126,0.147684137747107,0.3652404546737671,30
81,RandomForest,,1:21.5,,sqrt,2000.0,,,0.05490899352039966,0.007557346524507028,0.062466340044906685,0.04735164699589263,0.146422374851799,2.4399120807647705,13
82,Logistic,1e-05,balanced,median,,,,,0.0549074612157704,0.006120959300632618,0.06102842051640302,0.04878650191513778,0.14103244833718687,0.23450231552124023,31
83,Logistic,0.1,None,median,,,,,0.05486880070500008,0.005462114177377991,0.06033091488237807,0.04940668652762209,0.1476626330753209,0.5545527935028076,32
84,Logistic,1.0,None,mean,,,,,0.0548494885046662,0.005469930807427869,0.060319419312094065,0.04937955769723833,0.1476760204921121,0.2128669023513794,33
85,HistGBM,,1:21.5,,,20.0,0.1,31.0,0.054830012180701694,0.007949523478469216,0.06277953565917091,0.04688048870223248,0.19929610680250226,2.4170994758605957,39
86,HistGBM,,1:21.5,,,400.0,0.1,31.0,0.05479255461778791,0.005257253287549349,0.06004980790533726,0.04953530133023856,0.20742754708014594,3.084590435028076,40
87,Logistic,1.0,None,median,,,,,0.05478708565220236,0.005406034527704856,0.06019312017990722,0.049381051124497505,0.14766191717073812,0.33375656604766846,34
88,HistGBM,,None,,,400.0,0.03,31.0,0.05474693556907142,0.006897621375709165,0.06164455694478058,0.047849314193362254,0.22677035339662696,7.582037925720215,41
89,RandomForest,,None,,0.5,800.0,,,0.054718566730318365,0.008169884255729988,0.06288845098604835,0.046548682474588376,0.15603646987596753,6.658036470413208,14
90,Logistic,1e-06,1:21.5,mean,,,,,0.05452604169525756,0.006137278710966514,0.060663320406224075,0.048388762984291046,0.1398700225561781,0.1696680784225464,35
91,Logistic,1e-06,1:21.5,median,,,,,0.054478180588119304,0.0061571045972868554,0.06063528518540616,0.04832107599083245,0.13994779486069536,0.26484179496765137,36
92,Logistic,1e-05,None,mean,,,,,0.05446711040234556,0.00622377300192584,0.0606908834042714,0.04824333740041972,0.1397811983537273,0.12953507900238037,37
93,Logistic,1e-05,None,median,,,,,0.05441774011585333,0.006229792947622742,0.060647533063476075,0.04818794716823059,0.13985786947883377,0.3221468925476074,38
94,RandomForest,,None,,sqrt,800.0,,,0.05440856715496594,0.008205750011284492,0.06261431716625043,0.04620281714368145,0.1550199165392631,2.8540287017822266,15
95,HistGBM,,None,,,100.0,0.1,8.0,0.05438360196432486,0.006460823951595657,0.060844425915920514,0.0479227780127292,0.20937283747329108,2.4438931941986084,42
96,RandomForest,,1:21.5,,sqrt,50.0,,,0.05431996670068216,0.008279891063033538,0.0625998577637157,0.04604007563764862,0.26646662465250737,4.607481956481934,16
97,Logistic,1e-06,balanced,mean,,,,,0.05431190569221394,0.0061880586112227146,0.060499964303436654,0.048123847080991225,0.13934251798954816,0.19931960105895996,39
98,Logistic,1e-06,balanced,median,,,,,0.05426104127902161,0.006212501390038216,0.06047354266905982,0.04804853988898339,0.13943534112525802,0.38232481479644775,40
99,Logistic,1e-06,None,mean,,,,,0.05425442608955504,0.006213220646726709,0.060467646736281744,0.048041205442828326,0.1391687396443205,0.6284705400466919,41
100,Logistic,1e-06,None,median,,,,,0.05420536324954398,0.006238069554509555,0.06044343280405354,0.04796729369503443,0.13927715433965288,0.8704515695571899,42
101,HistGBM,,balanced,,,400.0,0.1,31.0,0.054074710008508345,0.007105176592972735,0.06117988660148108,0.046969533415535614,0.21819348075650535,2.9511590003967285,43
102,HistGBM,,balanced,,,100.0,0.1,8.0,0.05405299431741108,0.007755519551562385,0.061808513868973465,0.046297474765848695,0.20148158715499837,3.402050256729126,44
103,RandomForest,,balanced_subsample,,sqrt,2000.0,,,0.05395340727737536,0.007490758939858143,0.0614441662172335,0.04646264833751722,0.14659075901583024,3.5018850564956665,17
104,RandomForest,,1:21.5,,0.5,2000.0,,,0.05389199136020973,0.007704867905087995,0.061596859265297725,0.046187123455121736,0.14751016962219257,5.162975430488586,18
105,RandomForest,,None,,0.5,50.0,,,0.0534792746259318,0.007391125243157538,0.060870399869089334,0.04608814938277426,0.2791553369345684,11.329936504364014,19
106,RandomForest,,balanced_subsample,,0.5,2000.0,,,0.053452382566408725,0.007703067444844898,0.06115545001125362,0.04574931512156383,0.14690982025959057,5.695781350135803,20
107,HistGBM,,None,,,20.0,0.03,8.0,0.05340956274405263,0.00854669369959862,0.06195625644365125,0.04486286904445401,0.20942338417048612,6.489791035652161,45
108,HistGBM,,balanced,,,100.0,0.1,31.0,0.05300798675755242,0.005964514245735075,0.05897250100328749,0.04704347251181734,0.23866179369123824,2.769676446914673,46
109,HistGBM,,1:21.5,,,100.0,0.1,31.0,0.05297860600543093,0.004651734234774062,0.05763034024020499,0.048326871770656865,0.22070172502522153,3.196445107460022,47
110,RandomForest,,None,,sqrt,2000.0,,,0.0528074711596438,0.007345521590832106,0.060152992750475906,0.045461949568811694,0.1470534312879655,2.6749554872512817,21
111,RandomForest,,None,,0.5,2000.0,,,0.052713218953022056,0.00780310232753309,0.060516321280555146,0.044910116625488966,0.14586922281942655,6.620840668678284,22
112,HistGBM,,None,,,100.0,0.1,31.0,0.05260954446882482,0.007221299396237241,0.05983084386506206,0.045388245072587576,0.2566411567250787,2.8151005506515503,48
113,RandomForest,,balanced_subsample,,0.5,50.0,,,0.05248589524202358,0.007946013352900475,0.060431908594924054,0.044539881889123105,0.2963725722239418,11.792741894721985,23
114,RandomForest,,1:21.5,,0.5,50.0,,,0.05214471519591701,0.008596683137507683,0.0607413983334247,0.04354803205840933,0.2977308646549453,10.32924747467041,24
115,HistGBM,,balanced,,,20.0,0.1,31.0,0.05212669319772375,0.005779359887479622,0.05790605308520337,0.046347333310244127,0.22970307230451634,2.4633710384368896,49
116,HistGBM,,None,,,400.0,0.1,31.0,0.05207650844206736,0.0059782499919051185,0.05805475843397248,0.046098258450162244,0.24836167082621377,3.2081689834594727,50
117,HistGBM,,None,,,20.0,0.1,4.0,0.05179369184434166,0.006609059164590009,0.05840275100893167,0.04518463267975165,0.191078438327914,2.824550986289978,51
118,HistGBM,,None,,,20.0,0.03,31.0,0.05061289441904247,0.007718455336203561,0.05833134975524604,0.042894439082838916,0.255218033956473,5.172359585762024,52
119,HistGBM,,None,,,20.0,0.1,8.0,0.04888648579941102,0.007039363969130106,0.055925849768541126,0.041847121830280914,0.21401470800396233,2.27902615070343,53
120,HistGBM,,None,,,20.0,0.1,31.0,0.04673924033678015,0.0065418042216961805,0.05328104455847633,0.040197436115083966,0.2702085401617667,2.1403430700302124,54
