feature,giảm_pr_auc,độ_lệch_chuẩn
prod_hist_n,0.016549205248594042,0.0015956389836433277
cust_hist_rate,0.013723142616601198,0.0007359843976784797
prod_hist_rate,0.009899949310509594,0.0009212940678807843
seller_hist_rate,0.008318854628726367,0.0007484888105389343
cust_hist_n,0.004318174368723418,0.0013884353417646011
lead_days,0.003629794380608889,0.0001651567818151874
seller_hist_n,0.003078437069054653,0.0006325385928722301
log_price,0.0016548985462735046,0.0005786852618824577
category,0.00092198403541843,0.00034337349615697136
delivered_hour,0.00029464253790678353,0.00017209329577627804
cust_tenure_days,0.00020592593589797425,0.0007802683327054336
discount_rate,8.567675021706189e-05,0.00041433091310801896
purchase_hour,-8.572912952822809e-06,0.00017617139543943543
delivered_weekend,-0.00010329520951693205,2.6722751352560497e-05
purchase_weekday,-0.00018845608448689877,0.0004848474502350541
is_tiki_trading,-0.00021564371177746066,0.000108914125208189
purchase_month,-0.00041322548972551885,0.00027874933390321737
