họ,seed,pr_auc_test
Logistic,0,0.06350797217807111
Logistic,1,0.06350797217807111
Logistic,2,0.06350797217807111
Logistic,3,0.06350797217807111
Logistic,4,0.06350797217807111
RandomForest,0,0.06338117149828698
RandomForest,1,0.06352031827167198
RandomForest,2,0.06364515873902088
RandomForest,3,0.06398394425740361
RandomForest,4,0.06249503427682081
HistGBM,0,0.05424073659729195
HistGBM,1,0.053971258034353695
HistGBM,2,0.056063484885824695
HistGBM,3,0.05680583014507753
HistGBM,4,0.0528193407840062
